{
  "$schema": "http://json-schema.org/draft-07/schema#",
  "title": "PROGEN Content Schema",
  "description": "Schema for PROGEN learning platform content structure",
  "version": "1.0.0",
  
  "definitions": {
    "metadata": {
      "type": "object",
      "properties": {
        "id": {
          "type": "string",
          "pattern": "^[a-z0-9_-]+$",
          "description": "Unique identifier"
        },
        "title": {
          "type": "string",
          "minLength": 1,
          "maxLength": 100,
          "description": "Display title"
        },
        "description": {
          "type": "string",
          "maxLength": 500,
          "description": "Brief description"
        },
        "tags": {
          "type": "array",
          "items": {
            "type": "string"
          },
          "description": "Content tags for categorization"
        },
        "difficulty": {
          "type": "string",
          "enum": ["beginner", "intermediate", "advanced"],
          "description": "Difficulty level"
        },
        "estimatedTime": {
          "type": "integer",
          "minimum": 1,
          "description": "Estimated completion time in minutes"
        },
        "prerequisites": {
          "type": "array",
          "items": {
            "type": "string"
          },
          "description": "Required prerequisite content IDs"
        },
        "createdAt": {
          "type": "string",
          "format": "date-time"
        },
        "updatedAt": {
          "type": "string",
          "format": "date-time"
        },
        "version": {
          "type": "string",
          "pattern": "^\\d+\\.\\d+\\.\\d+$"
        },
        "author": {
          "type": "string",
          "description": "Content author"
        },
        "status": {
          "type": "string",
          "enum": ["draft", "review", "published", "archived"],
          "default": "draft"
        }
      },
      "required": ["id", "title", "difficulty", "estimatedTime", "status"]
    },
    
    "course": {
      "type": "object",
      "allOf": [
        { "$ref": "#/definitions/metadata" }
      ],
      "properties": {
        "type": {
          "const": "course"
        },
        "language": {
          "type": "string",
          "enum": ["python", "html", "css", "javascript", "go", "rust", "swift"],
          "description": "Programming language"
        },
        "icon": {
          "type": "string",
          "description": "Course icon (emoji or URL)"
        },
        "color": {
          "type": "string",
          "pattern": "^#[0-9A-Fa-f]{6}$",
          "description": "Course theme color"
        },
        "goal": {
          "type": "string",
          "maxLength": 200,
          "description": "Learning goal description"
        },
        "sections": {
          "type": "array",
          "items": {
            "$ref": "#/definitions/section"
          },
          "minItems": 1,
          "description": "Course sections (chapters)"
        },
        "pricing": {
          "type": "object",
          "properties": {
            "free": {
              "type": "boolean",
              "description": "Is the course free"
            },
            "price": {
              "type": "number",
              "minimum": 0,
              "description": "Course price"
            },
            "currency": {
              "type": "string",
              "default": "JPY"
            }
          },
          "required": ["free"]
        }
      },
      "required": ["type", "language", "sections", "pricing"]
    },
    
    "section": {
      "type": "object",
      "allOf": [
        { "$ref": "#/definitions/metadata" }
      ],
      "properties": {
        "type": {
          "const": "section"
        },
        "order": {
          "type": "integer",
          "minimum": 1,
          "description": "Section order within course"
        },
        "lessons": {
          "type": "array",
          "items": {
            "$ref": "#/definitions/lesson"
          },
          "minItems": 1,
          "description": "Section lessons"
        },
        "unlockConditions": {
          "type": "object",
          "properties": {
            "previousSectionComplete": {
              "type": "boolean",
              "default": true
            },
            "minimumScore": {
              "type": "number",
              "minimum": 0,
              "maximum": 100
            },
            "requiredLessons": {
              "type": "array",
              "items": {
                "type": "string"
              }
            }
          }
        }
      },
      "required": ["type", "order", "lessons"]
    },
    
    "lesson": {
      "type": "object",
      "allOf": [
        { "$ref": "#/definitions/metadata" }
      ],
      "properties": {
        "type": {
          "const": "lesson"
        },
        "order": {
          "type": "integer",
          "minimum": 1,
          "description": "Lesson order within section"
        },
        "content": {
          "type": "array",
          "items": {
            "oneOf": [
              { "$ref": "#/definitions/slide" },
              { "$ref": "#/definitions/challenge" },
              { "$ref": "#/definitions/quiz" }
            ]
          },
          "minItems": 1,
          "description": "Lesson content items"
        },
        "objectives": {
          "type": "array",
          "items": {
            "type": "string"
          },
          "description": "Learning objectives"
        },
        "resources": {
          "type": "array",
          "items": {
            "$ref": "#/definitions/resource"
          },
          "description": "Additional resources"
        }
      },
      "required": ["type", "order", "content"]
    },
    
    "slide": {
      "type": "object",
      "properties": {
        "type": {
          "const": "slide"
        },
        "id": {
          "type": "string"
        },
        "title": {
          "type": "string"
        },
        "content": {
          "type": "string",
          "description": "Slide content in Markdown format"
        },
        "media": {
          "type": "array",
          "items": {
            "$ref": "#/definitions/media"
          },
          "description": "Associated media files"
        },
        "notes": {
          "type": "string",
          "description": "Speaker notes or additional information"
        }
      },
      "required": ["type", "id", "title", "content"]
    },
    
    "challenge": {
      "type": "object",
      "properties": {
        "type": {
          "const": "challenge"
        },
        "id": {
          "type": "string"
        },
        "title": {
          "type": "string"
        },
        "description": {
          "type": "string",
          "description": "Challenge description"
        },
        "instructions": {
          "type": "string",
          "description": "Step-by-step instructions"
        },
        "starterCode": {
          "type": "string",
          "description": "Initial code template"
        },
        "solution": {
          "type": "string",
          "description": "Reference solution"
        },
        "testCases": {
          "type": "array",
          "items": {
            "$ref": "#/definitions/testCase"
          },
          "minItems": 1,
          "description": "Test cases for validation"
        },
        "hints": {
          "type": "array",
          "items": {
            "type": "string"
          },
          "description": "Progressive hints"
        },
        "difficulty": {
          "type": "string",
          "enum": ["easy", "medium", "hard"]
        },
        "points": {
          "type": "integer",
          "minimum": 1,
          "description": "Points awarded for completion"
        }
      },
      "required": ["type", "id", "title", "description", "testCases"]
    },
    
    "quiz": {
      "type": "object",
      "properties": {
        "type": {
          "const": "quiz"
        },
        "id": {
          "type": "string"
        },
        "title": {
          "type": "string"
        },
        "questions": {
          "type": "array",
          "items": {
            "$ref": "#/definitions/question"
          },
          "minItems": 1,
          "description": "Quiz questions"
        },
        "timeLimit": {
          "type": "integer",
          "minimum": 30,
          "description": "Time limit in seconds"
        },
        "passingScore": {
          "type": "number",
          "minimum": 0,
          "maximum": 100,
          "default": 70,
          "description": "Minimum score to pass"
        },
        "randomizeQuestions": {
          "type": "boolean",
          "default": false
        },
        "allowRetries": {
          "type": "boolean",
          "default": true
        },
        "maxAttempts": {
          "type": "integer",
          "minimum": 1,
          "default": 3
        }
      },
      "required": ["type", "id", "title", "questions"]
    },
    
    "question": {
      "type": "object",
      "properties": {
        "id": {
          "type": "string"
        },
        "type": {
          "type": "string",
          "enum": ["multiple-choice", "true-false", "fill-blank", "code-completion"]
        },
        "question": {
          "type": "string",
          "description": "Question text"
        },
        "options": {
          "type": "array",
          "items": {
            "type": "string"
          },
          "description": "Answer options (for multiple choice)"
        },
        "correctAnswer": {
          "oneOf": [
            { "type": "string" },
            { "type": "number" },
            { "type": "array", "items": { "type": "string" } }
          ],
          "description": "Correct answer(s)"
        },
        "explanation": {
          "type": "string",
          "description": "Explanation of the correct answer"
        },
        "points": {
          "type": "integer",
          "minimum": 1,
          "default": 1
        },
        "media": {
          "$ref": "#/definitions/media",
          "description": "Associated media"
        }
      },
      "required": ["id", "type", "question", "correctAnswer"]
    },
    
    "testCase": {
      "type": "object",
      "properties": {
        "id": {
          "type": "string"
        },
        "name": {
          "type": "string",
          "description": "Test case name"
        },
        "input": {
          "type": "string",
          "description": "Test input"
        },
        "expectedOutput": {
          "type": "string",
          "description": "Expected output"
        },
        "hidden": {
          "type": "boolean",
          "default": false,
          "description": "Whether test case is hidden from student"
        },
        "timeout": {
          "type": "integer",
          "minimum": 1000,
          "default": 5000,
          "description": "Timeout in milliseconds"
        },
        "points": {
          "type": "integer",
          "minimum": 1,
          "default": 1
        }
      },
      "required": ["id", "name", "expectedOutput"]
    },
    
    "media": {
      "type": "object",
      "properties": {
        "type": {
          "type": "string",
          "enum": ["image", "video", "audio", "document"]
        },
        "url": {
          "type": "string",
          "format": "uri"
        },
        "alt": {
          "type": "string",
          "description": "Alternative text for accessibility"
        },
        "caption": {
          "type": "string",
          "description": "Media caption"
        },
        "size": {
          "type": "integer",
          "description": "File size in bytes"
        },
        "duration": {
          "type": "integer",
          "description": "Duration in seconds (for video/audio)"
        },
        "dimensions": {
          "type": "object",
          "properties": {
            "width": { "type": "integer" },
            "height": { "type": "integer" }
          }
        }
      },
      "required": ["type", "url"]
    },
    
    "resource": {
      "type": "object",
      "properties": {
        "type": {
          "type": "string",
          "enum": ["link", "document", "video", "reference"]
        },
        "title": {
          "type": "string"
        },
        "url": {
          "type": "string",
          "format": "uri"
        },
        "description": {
          "type": "string"
        },
        "external": {
          "type": "boolean",
          "default": false,
          "description": "Whether resource is external"
        }
      },
      "required": ["type", "title", "url"]
    }
  },
  
  "type": "object",
  "properties": {
    "schema": {
      "const": "progen-content-v1"
    },
    "courses": {
      "type": "array",
      "items": {
        "$ref": "#/definitions/course"
      }
    }
  },
  "required": ["schema", "courses"]
}

