{
  "version": "1.0.0",
  "lastUpdated": "2025-09-21T12:00:00Z",
  "packages": {
    "python-basics": {
      "title": "Python 基礎",
      "description": "Python プログラミングの基礎を学ぶコース",
      "version": "1.0.0",
      "author": "PROGEN Team",
      "language": "python",
      "difficulty": "beginner",
      "estimatedTime": "2-3 hours",
      "thumbnail": "/assets/python-thumbnail.png",
      "packageUrl": "/courses/python-basics/1.0.0/python-basics.progen",
      "createdAt": "2025-09-21T10:00:00Z",
      "updatedAt": "2025-09-21T10:00:00Z",
      "tags": ["programming", "python", "beginner", "basics"],
      "prerequisites": [],
      "learningObjectives": [
        "Python の基本的な構文を理解する",
        "変数とデータ型を使いこなす",
        "条件分岐と繰り返し処理を書ける",
        "関数を定義して使用できる"
      ]
    },
    "html-basics": {
      "title": "HTML 基礎",
      "description": "HTML の基本的なマークアップを学ぶコース",
      "version": "1.0.0",
      "author": "PROGEN Team",
      "language": "html",
      "difficulty": "beginner",
      "estimatedTime": "1-2 hours",
      "thumbnail": "/assets/html-thumbnail.png",
      "packageUrl": "/courses/html-basics/1.0.0/html-basics.progen",
      "createdAt": "2025-09-21T10:00:00Z",
      "updatedAt": "2025-09-21T10:00:00Z",
      "tags": ["web", "html", "markup", "beginner"],
      "prerequisites": [],
      "learningObjectives": [
        "HTML の基本構造を理解する",
        "セマンティックなマークアップを書ける",
        "フォームとテーブルを作成できる",
        "アクセシビリティを考慮したHTMLを書ける"
      ]
    },
    "css-basics": {
      "title": "CSS 基礎",
      "description": "CSS を使ったスタイリングの基礎を学ぶコース",
      "version": "1.0.0",
      "author": "PROGEN Team",
      "language": "css",
      "difficulty": "beginner",
      "estimatedTime": "2-3 hours",
      "thumbnail": "/assets/css-thumbnail.png",
      "packageUrl": "/courses/css-basics/1.0.0/css-basics.progen",
      "createdAt": "2025-09-21T10:00:00Z",
      "updatedAt": "2025-09-21T10:00:00Z",
      "tags": ["web", "css", "styling", "beginner"],
      "prerequisites": ["html-basics"],
      "learningObjectives": [
        "CSS の基本的なセレクタを理解する",
        "レイアウトの基礎を学ぶ",
        "レスポンシブデザインの概念を理解する",
        "CSS Grid と Flexbox を使える"
      ]
    },
    "javascript-basics": {
      "title": "JavaScript 基礎",
      "description": "JavaScript プログラミングの基礎を学ぶコース",
      "version": "1.0.0",
      "author": "PROGEN Team",
      "language": "javascript",
      "difficulty": "beginner",
      "estimatedTime": "3-4 hours",
      "thumbnail": "/assets/javascript-thumbnail.png",
      "packageUrl": "/courses/javascript-basics/1.0.0/javascript-basics.progen",
      "createdAt": "2025-09-21T10:00:00Z",
      "updatedAt": "2025-09-21T10:00:00Z",
      "tags": ["web", "javascript", "programming", "beginner"],
      "prerequisites": ["html-basics"],
      "learningObjectives": [
        "JavaScript の基本的な構文を理解する",
        "DOM 操作の基礎を学ぶ",
        "イベント処理を実装できる",
        "非同期処理の概念を理解する"
      ]
    }
  },
  "categories": [
    {
      "id": "programming",
      "name": "プログラミング",
      "description": "プログラミング言語の基礎を学ぶコース",
      "packages": ["python-basics", "javascript-basics"]
    },
    {
      "id": "web",
      "name": "ウェブ開発",
      "description": "ウェブサイト制作に必要な技術を学ぶコース",
      "packages": ["html-basics", "css-basics", "javascript-basics"]
    }
  ],
  "metadata": {
    "totalPackages": 4,
    "totalSize": "12.5MB",
    "lastIndexUpdate": "2025-09-21T12:00:00Z"
  }
}

