{
  "schema": "progen-content-v1",
  "courses": [
    {
      "type": "course",
      "id": "python-basics",
      "title": "Python 基礎",
      "description": "Pythonプログラミングの基礎を学び、実用的なCLIツールを作成します。",
      "language": "python",
      "icon": "🐍",
      "color": "#3776ab",
      "goal": "CLIツールを作り、型・テスト・配布まで通す。境界値やロケールを重視した実践的なカリキュラム。",
      "difficulty": "beginner",
      "estimatedTime": 480,
      "tags": ["python", "programming", "basics", "cli"],
      "status": "published",
      "createdAt": "2025-01-15T10:00:00Z",
      "updatedAt": "2025-09-21T10:00:00Z",
      "version": "1.0.0",
      "author": "PROGEN Team",
      "pricing": {
        "free": true,
        "price": 0,
        "currency": "JPY"
      },
      "sections": [
        {
          "type": "section",
          "id": "python-fundamentals",
          "title": "言語の土台",
          "description": "Pythonの基本的な構文と概念を学習します。",
          "order": 1,
          "difficulty": "beginner",
          "estimatedTime": 120,
          "status": "published",
          "createdAt": "2025-01-15T10:00:00Z",
          "updatedAt": "2025-09-21T10:00:00Z",
          "version": "1.0.0",
          "author": "PROGEN Team",
          "lessons": [
            {
              "type": "lesson",
              "id": "variables-and-types",
              "title": "変数と型の基本",
              "description": "Pythonの変数宣言と基本的なデータ型について学習します。",
              "order": 1,
              "difficulty": "beginner",
              "estimatedTime": 30,
              "status": "published",
              "createdAt": "2025-01-15T10:00:00Z",
              "updatedAt": "2025-09-21T10:00:00Z",
              "version": "1.0.0",
              "author": "PROGEN Team",
              "objectives": [
                "変数の宣言と代入を理解する",
                "基本的なデータ型（int, float, str, bool）を使い分ける",
                "型変換の方法を学ぶ"
              ],
              "content": [
                {
                  "type": "slide",
                  "id": "intro-variables",
                  "title": "変数とは何か",
                  "content": "# 変数とは何か\n\n変数は、データを格納するための「箱」のようなものです。\n\n```python\n# 変数の宣言と代入\nname = \"太郎\"\nage = 25\nheight = 175.5\nis_student = True\n```\n\nPythonでは、変数の型を明示的に宣言する必要がありません。値を代入すると、自動的に型が決まります。"
                },
                {
                  "type": "slide",
                  "id": "basic-types",
                  "title": "基本的なデータ型",
                  "content": "# 基本的なデータ型\n\nPythonには以下の基本的なデータ型があります：\n\n## 数値型\n- **int（整数）**: `42`, `-10`, `0`\n- **float（浮動小数点数）**: `3.14`, `-2.5`, `0.0`\n\n## 文字列型\n- **str（文字列）**: `\"Hello\"`, `'Python'`, `\"\"\"複数行\nの文字列\"\"\"`\n\n## 論理型\n- **bool（真偽値）**: `True`, `False`\n\n```python\n# 型の確認\nprint(type(42))        # <class 'int'>\nprint(type(3.14))      # <class 'float'>\nprint(type(\"Hello\"))   # <class 'str'>\nprint(type(True))      # <class 'bool'>\n```"
                },
                {
                  "type": "challenge",
                  "id": "variable-practice",
                  "title": "変数の練習",
                  "description": "様々な型の変数を作成し、それらを使って計算や文字列操作を行ってみましょう。",
                  "instructions": "以下の要件を満たすコードを書いてください：\n1. 自分の名前を格納する変数 `my_name` を作成\n2. 年齢を格納する変数 `my_age` を作成\n3. 身長（cm）を格納する変数 `my_height` を作成\n4. 学生かどうかを表す変数 `is_student` を作成\n5. 自己紹介文を作成して出力",
                  "starterCode": "# ここに変数を定義してください\n\n# 自己紹介文を作成して出力\nprint(f\"こんにちは！私の名前は{my_name}です。\")\nprint(f\"年齢は{my_age}歳、身長は{my_height}cmです。\")\nif is_student:\n    print(\"現在学生です。\")\nelse:\n    print(\"学生ではありません。\")",
                  "solution": "# 変数の定義\nmy_name = \"太郎\"\nmy_age = 20\nmy_height = 170.5\nis_student = True\n\n# 自己紹介文を作成して出力\nprint(f\"こんにちは！私の名前は{my_name}です。\")\nprint(f\"年齢は{my_age}歳、身長は{my_height}cmです。\")\nif is_student:\n    print(\"現在学生です。\")\nelse:\n    print(\"学生ではありません。\")",
                  "testCases": [
                    {
                      "id": "test-variables-exist",
                      "name": "変数が定義されている",
                      "input": "",
                      "expectedOutput": "variables_defined",
                      "hidden": false,
                      "points": 2
                    },
                    {
                      "id": "test-output-format",
                      "name": "出力形式が正しい",
                      "input": "",
                      "expectedOutput": "output_correct",
                      "hidden": false,
                      "points": 3
                    }
                  ],
                  "hints": [
                    "変数名は英数字とアンダースコアを使用できます",
                    "文字列はシングルクォートまたはダブルクォートで囲みます",
                    "f-stringを使うと変数を文字列に埋め込めます"
                  ],
                  "difficulty": "easy",
                  "points": 5
                },
                {
                  "type": "quiz",
                  "id": "types-quiz",
                  "title": "データ型の理解度チェック",
                  "questions": [
                    {
                      "id": "q1",
                      "type": "multiple-choice",
                      "question": "次のうち、Pythonの整数型はどれですか？",
                      "options": ["int", "integer", "number", "digit"],
                      "correctAnswer": "int",
                      "explanation": "Pythonでは整数型を `int` と呼びます。",
                      "points": 1
                    },
                    {
                      "id": "q2",
                      "type": "true-false",
                      "question": "Pythonでは変数の型を事前に宣言する必要がある。",
                      "correctAnswer": false,
                      "explanation": "Pythonは動的型付け言語なので、変数の型を事前に宣言する必要はありません。",
                      "points": 1
                    },
                    {
                      "id": "q3",
                      "type": "fill-blank",
                      "question": "`type(3.14)` の結果は `<class '____'>` です。",
                      "correctAnswer": "float",
                      "explanation": "3.14は浮動小数点数なので、型は `float` です。",
                      "points": 1
                    }
                  ],
                  "timeLimit": 300,
                  "passingScore": 70,
                  "randomizeQuestions": false,
                  "allowRetries": true,
                  "maxAttempts": 3
                }
              ],
              "resources": [
                {
                  "type": "reference",
                  "title": "Python公式ドキュメント - データ型",
                  "url": "https://docs.python.org/ja/3/library/stdtypes.html",
                  "description": "Pythonの標準データ型について詳しく学べます",
                  "external": true
                },
                {
                  "type": "video",
                  "title": "変数と型の詳細解説",
                  "url": "/videos/python-variables-types.mp4",
                  "description": "変数と型について動画で詳しく解説",
                  "external": false
                }
              ]
            },
            {
              "type": "lesson",
              "id": "operators-and-expressions",
              "title": "演算子と式",
              "description": "Pythonの各種演算子と式の書き方を学習します。",
              "order": 2,
              "difficulty": "beginner",
              "estimatedTime": 25,
              "status": "published",
              "createdAt": "2025-01-15T10:00:00Z",
              "updatedAt": "2025-09-21T10:00:00Z",
              "version": "1.0.0",
              "author": "PROGEN Team",
              "objectives": [
                "算術演算子を使った計算ができる",
                "比較演算子で条件を作成できる",
                "論理演算子を組み合わせて複雑な条件を作れる"
              ],
              "content": [
                {
                  "type": "slide",
                  "id": "arithmetic-operators",
                  "title": "算術演算子",
                  "content": "# 算術演算子\n\nPythonでは以下の算術演算子が使用できます：\n\n```python\n# 基本的な演算\na = 10\nb = 3\n\nprint(a + b)   # 加算: 13\nprint(a - b)   # 減算: 7\nprint(a * b)   # 乗算: 30\nprint(a / b)   # 除算: 3.3333...\nprint(a // b)  # 整数除算: 3\nprint(a % b)   # 剰余: 1\nprint(a ** b)  # べき乗: 1000\n```\n\n## 注意点\n- `/` は常に浮動小数点数を返します\n- `//` は整数除算（小数点以下切り捨て）\n- `%` は剰余（割り算の余り）を返します"
                },
                {
                  "type": "challenge",
                  "id": "calculator-practice",
                  "title": "簡単な計算機",
                  "description": "算術演算子を使って簡単な計算を行うプログラムを作成しましょう。",
                  "instructions": "以下の計算を行い、結果を出力してください：\n1. 123 + 456\n2. 1000 - 234\n3. 15 * 8\n4. 100 / 7（小数点以下2桁まで表示）\n5. 17 を 5 で割った余り",
                  "starterCode": "# 計算を行い、結果を出力してください\n\n# 1. 加算\nresult1 = \nprint(f\"123 + 456 = {result1}\")\n\n# 2. 減算\nresult2 = \nprint(f\"1000 - 234 = {result2}\")\n\n# 3. 乗算\nresult3 = \nprint(f\"15 * 8 = {result3}\")\n\n# 4. 除算（小数点以下2桁）\nresult4 = \nprint(f\"100 / 7 = {result4:.2f}\")\n\n# 5. 剰余\nresult5 = \nprint(f\"17 % 5 = {result5}\")",
                  "solution": "# 計算を行い、結果を出力してください\n\n# 1. 加算\nresult1 = 123 + 456\nprint(f\"123 + 456 = {result1}\")\n\n# 2. 減算\nresult2 = 1000 - 234\nprint(f\"1000 - 234 = {result2}\")\n\n# 3. 乗算\nresult3 = 15 * 8\nprint(f\"15 * 8 = {result3}\")\n\n# 4. 除算（小数点以下2桁）\nresult4 = 100 / 7\nprint(f\"100 / 7 = {result4:.2f}\")\n\n# 5. 剰余\nresult5 = 17 % 5\nprint(f\"17 % 5 = {result5}\")",
                  "testCases": [
                    {
                      "id": "test-addition",
                      "name": "加算が正しい",
                      "input": "",
                      "expectedOutput": "123 + 456 = 579",
                      "hidden": false,
                      "points": 1
                    },
                    {
                      "id": "test-subtraction",
                      "name": "減算が正しい",
                      "input": "",
                      "expectedOutput": "1000 - 234 = 766",
                      "hidden": false,
                      "points": 1
                    },
                    {
                      "id": "test-multiplication",
                      "name": "乗算が正しい",
                      "input": "",
                      "expectedOutput": "15 * 8 = 120",
                      "hidden": false,
                      "points": 1
                    },
                    {
                      "id": "test-division",
                      "name": "除算が正しい",
                      "input": "",
                      "expectedOutput": "100 / 7 = 14.29",
                      "hidden": false,
                      "points": 1
                    },
                    {
                      "id": "test-modulo",
                      "name": "剰余が正しい",
                      "input": "",
                      "expectedOutput": "17 % 5 = 2",
                      "hidden": false,
                      "points": 1
                    }
                  ],
                  "hints": [
                    "各演算子の使い方を確認してください",
                    "小数点以下の桁数指定には :.2f を使います",
                    "剰余演算子は % です"
                  ],
                  "difficulty": "easy",
                  "points": 5
                }
              ]
            }
          ]
        },
        {
          "type": "section",
          "id": "python-control-flow",
          "title": "制御構造",
          "description": "条件分岐とループ処理を学習します。",
          "order": 2,
          "difficulty": "beginner",
          "estimatedTime": 180,
          "status": "published",
          "createdAt": "2025-01-15T10:00:00Z",
          "updatedAt": "2025-09-21T10:00:00Z",
          "version": "1.0.0",
          "author": "PROGEN Team",
          "unlockConditions": {
            "previousSectionComplete": true,
            "minimumScore": 70
          },
          "lessons": [
            {
              "type": "lesson",
              "id": "conditional-statements",
              "title": "条件分岐",
              "description": "if文を使った条件分岐の書き方を学習します。",
              "order": 1,
              "difficulty": "beginner",
              "estimatedTime": 40,
              "status": "published",
              "createdAt": "2025-01-15T10:00:00Z",
              "updatedAt": "2025-09-21T10:00:00Z",
              "version": "1.0.0",
              "author": "PROGEN Team",
              "objectives": [
                "if文の基本的な書き方を理解する",
                "elif文を使った複数条件の処理ができる",
                "else文を使ったデフォルト処理を書ける"
              ],
              "content": [
                {
                  "type": "slide",
                  "id": "if-statement-basics",
                  "title": "if文の基本",
                  "content": "# if文の基本\n\nif文を使うことで、条件に応じて異なる処理を実行できます。\n\n```python\nage = 20\n\nif age >= 18:\n    print(\"成人です\")\nelse:\n    print(\"未成年です\")\n```\n\n## 基本的な構文\n```python\nif 条件:\n    # 条件がTrueの時の処理\n    処理1\nelif 別の条件:\n    # 別の条件がTrueの時の処理\n    処理2\nelse:\n    # どの条件にも当てはまらない時の処理\n    処理3\n```\n\n**重要**: Pythonではインデント（字下げ）でブロックを表現します。"
                },
                {
                  "type": "challenge",
                  "id": "grade-calculator",
                  "title": "成績判定プログラム",
                  "description": "点数に応じて成績を判定するプログラムを作成しましょう。",
                  "instructions": "以下の条件で成績を判定してください：\n- 90点以上: A\n- 80点以上90点未満: B\n- 70点以上80点未満: C\n- 60点以上70点未満: D\n- 60点未満: F",
                  "starterCode": "# 点数を入力（テスト用に85を設定）\nscore = 85\n\n# ここに成績判定のコードを書いてください\n\nprint(f\"点数: {score}点, 成績: {grade}\")",
                  "solution": "# 点数を入力（テスト用に85を設定）\nscore = 85\n\n# 成績判定\nif score >= 90:\n    grade = \"A\"\nelif score >= 80:\n    grade = \"B\"\nelif score >= 70:\n    grade = \"C\"\nelif score >= 60:\n    grade = \"D\"\nelse:\n    grade = \"F\"\n\nprint(f\"点数: {score}点, 成績: {grade}\")",
                  "testCases": [
                    {
                      "id": "test-grade-b",
                      "name": "85点でB判定",
                      "input": "score = 85",
                      "expectedOutput": "点数: 85点, 成績: B",
                      "hidden": false,
                      "points": 2
                    },
                    {
                      "id": "test-grade-a",
                      "name": "95点でA判定",
                      "input": "score = 95",
                      "expectedOutput": "点数: 95点, 成績: A",
                      "hidden": true,
                      "points": 1
                    },
                    {
                      "id": "test-grade-f",
                      "name": "50点でF判定",
                      "input": "score = 50",
                      "expectedOutput": "点数: 50点, 成績: F",
                      "hidden": true,
                      "points": 2
                    }
                  ],
                  "hints": [
                    "elif文を使って複数の条件を順番にチェックします",
                    "条件は上から順番に評価されます",
                    "最初にTrueになった条件の処理が実行されます"
                  ],
                  "difficulty": "medium",
                  "points": 5
                }
              ]
            }
          ]
        }
      ]
    },
    {
      "type": "course",
      "id": "html-basics",
      "title": "HTML 基礎",
      "description": "HTMLの基本的な構造とセマンティックなマークアップを学習します。",
      "language": "html",
      "icon": "📄",
      "color": "#e34f26",
      "goal": "意味のあるマークアップで\"本番品質\"を実装。セマンティクス・A11y・国際化対応。",
      "difficulty": "beginner",
      "estimatedTime": 360,
      "tags": ["html", "web", "markup", "accessibility"],
      "status": "published",
      "createdAt": "2025-01-15T10:00:00Z",
      "updatedAt": "2025-09-21T10:00:00Z",
      "version": "1.0.0",
      "author": "PROGEN Team",
      "pricing": {
        "free": true,
        "price": 0,
        "currency": "JPY"
      },
      "sections": [
        {
          "type": "section",
          "id": "html-structure",
          "title": "骨組み",
          "description": "HTMLの基本構造とドキュメントの作成方法を学習します。",
          "order": 1,
          "difficulty": "beginner",
          "estimatedTime": 120,
          "status": "published",
          "createdAt": "2025-01-15T10:00:00Z",
          "updatedAt": "2025-09-21T10:00:00Z",
          "version": "1.0.0",
          "author": "PROGEN Team",
          "lessons": [
            {
              "type": "lesson",
              "id": "html-document-structure",
              "title": "HTMLドキュメントの構造",
              "description": "HTMLドキュメントの基本的な構造を理解します。",
              "order": 1,
              "difficulty": "beginner",
              "estimatedTime": 30,
              "status": "published",
              "createdAt": "2025-01-15T10:00:00Z",
              "updatedAt": "2025-09-21T10:00:00Z",
              "version": "1.0.0",
              "author": "PROGEN Team",
              "objectives": [
                "HTMLドキュメントの基本構造を理解する",
                "DOCTYPE宣言の重要性を学ぶ",
                "head要素とbody要素の役割を理解する"
              ],
              "content": [
                {
                  "type": "slide",
                  "id": "html-structure-intro",
                  "title": "HTMLドキュメントの基本構造",
                  "content": "# HTMLドキュメントの基本構造\n\nHTMLドキュメントは以下の基本構造を持ちます：\n\n```html\n<!DOCTYPE html>\n<html lang=\"ja\">\n<head>\n    <meta charset=\"UTF-8\">\n    <meta name=\"viewport\" content=\"width=device-width, initial-scale=1.0\">\n    <title>ページタイトル</title>\n</head>\n<body>\n    <h1>メインコンテンツ</h1>\n    <p>ここにページの内容を書きます。</p>\n</body>\n</html>\n```\n\n## 各要素の役割\n- `<!DOCTYPE html>`: HTML5であることを宣言\n- `<html>`: ドキュメントのルート要素\n- `<head>`: メタデータを含む（ページには表示されない）\n- `<body>`: 実際に表示されるコンテンツ"
                },
                {
                  "type": "challenge",
                  "id": "first-html-page",
                  "title": "初めてのHTMLページ",
                  "description": "基本的なHTMLページを作成してみましょう。",
                  "instructions": "以下の要件を満たすHTMLページを作成してください：\n1. 適切なDOCTYPE宣言\n2. 日本語のlang属性\n3. UTF-8の文字エンコーディング\n4. ビューポートの設定\n5. 「私のプロフィール」というタイトル\n6. h1要素で自分の名前\n7. p要素で自己紹介文",
                  "starterCode": "<!-- ここにHTMLコードを書いてください -->",
                  "solution": "<!DOCTYPE html>\n<html lang=\"ja\">\n<head>\n    <meta charset=\"UTF-8\">\n    <meta name=\"viewport\" content=\"width=device-width, initial-scale=1.0\">\n    <title>私のプロフィール</title>\n</head>\n<body>\n    <h1>山田太郎</h1>\n    <p>こんにちは！私は山田太郎です。プログラミングを学習中です。</p>\n</body>\n</html>",
                  "testCases": [
                    {
                      "id": "test-doctype",
                      "name": "DOCTYPE宣言が正しい",
                      "input": "",
                      "expectedOutput": "doctype_correct",
                      "hidden": false,
                      "points": 1
                    },
                    {
                      "id": "test-structure",
                      "name": "基本構造が正しい",
                      "input": "",
                      "expectedOutput": "structure_correct",
                      "hidden": false,
                      "points": 2
                    },
                    {
                      "id": "test-content",
                      "name": "必要な要素が含まれている",
                      "input": "",
                      "expectedOutput": "content_correct",
                      "hidden": false,
                      "points": 2
                    }
                  ],
                  "hints": [
                    "DOCTYPE宣言は最初の行に書きます",
                    "lang属性で言語を指定します",
                    "meta要素でエンコーディングとビューポートを設定します"
                  ],
                  "difficulty": "easy",
                  "points": 5
                }
              ]
            }
          ]
        }
      ]
    }
  ]
}

